post_id, post_title, author, likes, post_link
116151972998_10153823390632999,India Under-19 captain Ishan Kishan arrested for reckless driving,Nitin Fernandes,2919,http://www.sportskeeda.com/cricket/india-under-19-captain-ishan-kishan-arrested-reckless-driving,2016-01-13T14:06:55+0000
116151972998_10153823342107999,WICB rejects Jason Holder's plea for a NOC to play in the PSL,Nitin Fernandes,446,http://www.sportskeeda.com/cricket/wicb-rejects-holder-plea-to-play-psl,2016-01-12T19:08:38+0000
116151972998_10153823215737999,Timeline Photos,Nitin Fernandes,4937,https://www.facebook.com/SportsKeeda/photos/a.296831972998.145170.116151972998/10153823215737999/?type=3,2016-01-13T13:00:46+0000
116151972998_10153823190462999,Jimmy Neesham in fine form on Twitter during first Australia-India ODI,Nitin Fernandes,2315,http://www.sportskeeda.com/cricket/jimmy-neesham-continues-prove-the-most-fun-cricketer-twitter,2016-01-13T17:45:06+0000
116151972998_10153823135012999,When a Knight landed a helicopter filled with cash at Lord's Stadium,Nitin Fernandes,642,http://www.sportskeeda.com/cricket/a-knight-landed-helicopter-filled-cash-lords-stadium,2016-01-12T17:41:02+0000
116151972998_10153822890682999,Sourav Ganguly named captain in Masters Champions League,Nitin Fernandes,10861,http://www.sportskeeda.com/cricket/ganguly-named-captain-libra-legends-masters-league,2016-01-14T04:47:12+0000
116151972998_10153822911352999,Timeline Photos,Nitin Fernandes,14554,https://www.facebook.com/SportsKeeda/photos/a.296831972998.145170.116151972998/10153822911352999/?type=3,2016-01-14T03:47:15+0000
116151972998_10153822894752999,Replacement for David Warner has been named,Nitin Fernandes,2821,http://www.sportskeeda.com/cricket/usman-khawaja-replaces-david-warner-next-two-odis,2016-01-12T16:00:02+0000
116151972998_10153822797917999,George Bailey's hat wins the Internet over,Nitin Fernandes,3683,http://www.sportskeeda.com/cricket/george-bailey-hat-sparks-twitter,2016-01-13T01:18:14+0000
116151972998_10153822781602999,Timeline Photos,Nitin Fernandes,7401,https://www.facebook.com/SportsKeeda/photos/a.296831972998.145170.116151972998/10153822781602999/?type=3,2016-01-13T17:11:20+0000
116151972998_10153822753582999,5 talking points from Australia-India 1st ODI,Nitin Fernandes,9469,http://www.sportskeeda.com/slideshow/cricket-5-talking-points-australia-india-1st-odi?ref=sk,2016-01-13T20:01:20+0000
116151972998_10153822663342999,MS Dhoni is still not convinced about DRS despite George Bailey decision,Nitin Fernandes,3359,http://www.sportskeeda.com/cricket/ms-dhoni-still-not-convinced-about-drs-despite-bailey-decision,2016-01-14T11:31:30+0000
116151972998_10153822644937999,Fake FB Wall: Rohit Sharma trolled after India's loss to Australia,Nitin Fernandes,3940,http://www.sportskeeda.com/cricket/fb-wall-rohit-sharma-trolled-india-loss-australia,2016-01-13T14:36:33+0000
116151972998_10153822613632999,Shit Liverpool fans say,Nitin Fernandes,2144,https://www.facebook.com/SportsKeeda/videos/10153822613632999/,2016-01-14T14:01:43+0000
116151972998_10153822588682999,5 instances when Indian cricketers caught and bowled for their first ODI wicket,Nitin Fernandes,2089,http://www.sportskeeda.com/slideshow/5-instances-when-indian-cricketers-caught-and-bowled-for-their-first-odi-wicket,2016-01-12T14:19:57+0000
116151972998_10153822553102999,Who said what: World reacts after Australia beat India by 5 wickets in the first ODI in Perth,Nitin Fernandes,2993,http://www.sportskeeda.com/cricket/who-said-what-world-reacts-after-australia-beat-india-by-5-wickets-1st-odi-perth,2016-01-14T09:02:58+0000
116151972998_10153822510207999,Timeline Photos,Nitin Fernandes,21600,https://www.facebook.com/SportsKeeda/photos/a.296831972998.145170.116151972998/10153822510207999/?type=3,2016-01-13T16:53:10+0000
116151972998_10153822518067999,Australia vs India 2016 1st ODI: Player Ratings,Nitin Fernandes,3127,http://www.sportskeeda.com/cricket/australia-vs-india-2016-1st-odi-player-ratings,2016-01-14T08:46:39+0000
116151972998_10153822500112999,"Stats: Australia vs India 2016, 1st ODI",Nitin Fernandes,2031,http://www.sportskeeda.com/cricket/stats-australia-vs-india-2016-1st-odi-record-breaking-rohit-sharma?%2Fref=sk,2016-01-14T08:12:03+0000
116151972998_10153822472707999,Timeline Photos,Nitin Fernandes,28817,https://www.facebook.com/SportsKeeda/photos/a.296831972998.145170.116151972998/10153822472707999/?type=3,2016-01-14T04:53:28+0000
116151972998_10153822453522999,Twitter reacts to Australia's win over India in 1st ODI,Nitin Fernandes,2979,http://www.sportskeeda.com/topic/twitter-reacts-to-australias-win-over-india-in-1st-odi,2016-01-13T15:41:02+0000
116151972998_10153821171822999,5 things to look forward to in the India-Australia series,Nitin Fernandes,1097,http://www.sportskeeda.com/slideshow/cricket-five-things-look-forward-india-australia-series,2016-01-13T08:06:29+0000
116151972998_10153821175452999,Timeline Photos,Nitin Fernandes,3640,https://www.facebook.com/SportsKeeda/photos/a.296831972998.145170.116151972998/10153821175452999/?type=3,2016-01-13T10:10:03+0000
116151972998_10153821034722999,Timeline Photos,Nitin Fernandes,1275,https://www.facebook.com/SportsKeeda/photos/a.296831972998.145170.116151972998/10153821034722999/?type=3,2016-01-14T10:17:36+0000
116151972998_10153820836607999,Top 10 countries with the most Ballon D'Or wins in history,Nitin Fernandes,3116,http://www.sportskeeda.com/slideshow/football-top-10-countries-most-ballon-d-or-wins-history?ref=sk,2016-01-13T22:01:52+0000
116151972998_10153820695277999,Video: Watch MS Dhoni's version of the lungi dance,Nitin Fernandes,2095,http://www.sportskeeda.com/cricket/video-watch-ms-dhonis-version-lungi-dance,2016-01-11T19:54:47+0000
116151972998_10153820656332999,Timeline Photos,Nitin Fernandes,44679,https://www.facebook.com/SportsKeeda/photos/a.296831972998.145170.116151972998/10153820656332999/?type=3,2016-01-12T15:50:36+0000
116151972998_10153820582947999,5 instances that show Rahul Dravid is the ultimate team player,Nitin Fernandes,3647,http://www.sportskeeda.com/slideshow/5-instances-showing-rahul-dravid-ultimate-team-player,2016-01-12T08:03:25+0000
116151972998_10153820286897999,Virat Kohli is the 2nd-ranked T20I batsman,Nitin Fernandes,1351,http://www.sportskeeda.com/cricket/afghanistans-shahzad-dawlat-break-top-10-icc-t20i-player-rankings,2016-01-11T20:37:09+0000
116151972998_10153818715192999,Timeline Photos,Nitin Fernandes,11844,https://www.facebook.com/SportsKeeda/photos/a.296831972998.145170.116151972998/10153818715192999/?type=3,2016-01-12T04:22:23+0000
116151972998_10153818543167999,Timeline Photos,Nitin Fernandes,7813,https://www.facebook.com/SportsKeeda/photos/a.296831972998.145170.116151972998/10153818543167999/?type=3,2016-01-10T17:54:01+0000
116151972998_10153818583022999,FICA CEO says only four countries' players value Test Cricket,Nitin Fernandes,1639,http://www.sportskeeda.com/cricket/fica-ceo-four-countries-players-value-test-cricket,2016-01-11T14:37:06+0000
116151972998_10153818499527999,5 best ODI performances of India against Australia in Australia,Nitin Fernandes,1832,http://www.sportskeeda.com/slideshow/5-best-odi-performances-of-team-india-against-australia-in-australia,2016-01-12T04:05:38+0000
116151972998_10153818410797999,Why Australia should pick Chris Lynn for the World T20,Nitin Fernandes,2786,http://www.sportskeeda.com/cricket/why-australia-should-pick-chris-lynn-for-world-t20,2016-01-11T17:14:44+0000
116151972998_10153817934197999,A brief history of transfers in English Football,Nitin Fernandes,155,https://www.facebook.com/SportsKeeda/videos/10153817934197999/,2016-01-10T17:34:18+0000
116151972998_10153818306757999,5 Indian cricketers who could use India-Australia series to make it to the World T20,Nitin Fernandes,2768,http://www.sportskeeda.com/slideshow/5-indian-cricketers-who-could-use-india-australia-series-to-make-it-to-the-world-t20,2016-01-11T06:17:11+0000
116151972998_10153818176477999,5 cricketers who can go on to become great captains,Nitin Fernandes,1071,http://www.sportskeeda.com/slideshow/cricket-5-cricketers-who-can-go-on-to-become-great-captains,2016-01-11T14:25:07+0000
116151972998_10153817769217999,Indian Ice Hockey Championship 2016  in Leh has started,Nitin Fernandes,64,https://www.facebook.com/SportsKeeda/videos/10153817769217999/,2016-01-11T07:42:37+0000
116151972998_10153818094762999,WWE Top 5 rumors of the week and analysis,Nitin Fernandes,676,http://www.sportskeeda.com/slideshow/wwe-top-5-rumors-of-the-week-and-analysis-10-january-2016?%2Fref=sk,2016-01-10T13:58:20+0000
116151972998_10153818073902999,Saeed Ajmal accused of misusing 5.3 million rupees,Nitin Fernandes,319,http://www.sportskeeda.com/cricket/saeed-ajmal-told-shut-academy-down,2016-01-10T14:39:16+0000
116151972998_10153818000922999,Syed Mushtaq Ali Trophy Roundup,Nitin Fernandes,1483,http://www.sportskeeda.com/cricket/syed-mushtaq-ali-trophy-super-league-stage-decided-hardik-pandya-five-sixes-over-3-wickets,2016-01-12T10:15:32+0000
116151972998_10153793661687999,Timeline Photos,Nitin Fernandes,5018,https://www.facebook.com/SportsKeeda/photos/a.296831972998.145170.116151972998/10153793661687999/?type=3,2015-12-31T21:54:10+0000
116151972998_10153793637022999,The future of BCCI's existence hinges on RM Lodha's report,Nitin Fernandes,118,http://www.sportskeeda.com/cricket/future-of-bccis-existence-hinges-rm-lodhas-report,2015-12-30T17:31:00+0000
116151972998_10153793631897999,Timeline Photos,Nitin Fernandes,8925,https://www.facebook.com/SportsKeeda/photos/a.296831972998.145170.116151972998/10153793631897999/?type=3,2016-01-01T04:09:30+0000
116151972998_10153793601707999,Top 10 cricket memes of 2015,Nitin Fernandes,1863,http://www.sportskeeda.com/slideshow/cricket-top-10-cricket-memes-2015,2015-12-31T22:15:37+0000
116151972998_10153793466772999,5 great cricketers who retired in 2015,Nitin Fernandes,1901,http://www.sportskeeda.com/slideshow/cricket-5-great-cricketers-who-retired-in-2015,2015-12-31T09:30:33+0000
116151972998_10153793299582999,20 images that defined the year in cricket in 2015,Nitin Fernandes,2101,http://www.sportskeeda.com/slideshow/cricket-20-images-defined-cricket-2015,2015-12-31T12:48:14+0000
116151972998_10153793281287999,Top 5 cricketers of the year 2015,Nitin Fernandes,2776,http://www.sportskeeda.com/slideshow/cricket-top-5-cricketers-2015,2016-01-01T19:50:23+0000
116151972998_10153793257847999,Photos from Sportskeeda's post,Nitin Fernandes,7896,https://www.facebook.com/SportsKeeda/photos/a.296831972998.145170.116151972998/10153793245472999/?type=3,2015-12-31T13:33:14+0000
116151972998_10153790734532999,5 greatest batting years in Test cricket history,Nitin Fernandes,2211,http://www.sportskeeda.com/slideshow/cricket-5-greatest-batting-years-tests,2016-01-01T06:36:25+0000
116151972998_10153790725547999,10 cricketers you wouldn't think are still active,Nitin Fernandes,2937,http://www.sportskeeda.com/slideshow/cricket-10-cricketers-you-wouldnt-think-still-active,2016-01-04T06:38:14+0000
116151972998_10153790709802999,Timeline Photos,Nitin Fernandes,3477,https://www.facebook.com/SportsKeeda/photos/a.296831972998.145170.116151972998/10153790709802999/?type=3,2015-12-30T02:37:37+0000
116151972998_10153790693552999,Joe Root equals a record Virender Sehwag had set in 2010,Nitin Fernandes,2926,http://www.sportskeeda.com/cricket/joe-root-equals-virender-sehwags-record-england-end-day-3-match-wining-position,2016-01-08T23:22:29+0000
116151972998_10153790617042999,Gautam Gambhir reacts to controversy surrounding MS Dhoni handshake,Nitin Fernandes,3998,http://www.sportskeeda.com/cricket/gautam-gambhir-responds-rumours-snubbed-ms-dhoni-handshake,2015-12-29T07:00:01+0000
116151972998_10153790502707999,5 positive things for the Indian Test team in 2015,Nitin Fernandes,2579,http://www.sportskeeda.com/slideshow/cricket-5-positive-things-indian-test-team-2015,2015-12-29T06:14:29+0000
116151972998_10153790413367999,Top 10 ODI bowlers in 2015,Nitin Fernandes,1942,http://www.sportskeeda.com/slideshow/cricket-top-10-odi-bowlers-2015,2015-12-30T03:11:18+0000
116151972998_10153790734532999,5 greatest batting years in Test cricket history,Nitin Fernandes,2211,http://www.sportskeeda.com/slideshow/cricket-5-greatest-batting-years-tests,2016-01-01T06:36:25+0000
116151972998_10153790725547999,10 cricketers you wouldn't think are still active,Nitin Fernandes,2937,http://www.sportskeeda.com/slideshow/cricket-10-cricketers-you-wouldnt-think-still-active,2016-01-04T06:38:14+0000
116151972998_10153790709802999,Timeline Photos,Nitin Fernandes,3477,https://www.facebook.com/SportsKeeda/photos/a.296831972998.145170.116151972998/10153790709802999/?type=3,2015-12-30T02:37:37+0000
116151972998_10153790693552999,Joe Root equals a record Virender Sehwag had set in 2010,Nitin Fernandes,2926,http://www.sportskeeda.com/cricket/joe-root-equals-virender-sehwags-record-england-end-day-3-match-wining-position,2016-01-08T23:22:29+0000
116151972998_10153790617042999,Gautam Gambhir reacts to controversy surrounding MS Dhoni handshake,Nitin Fernandes,3998,http://www.sportskeeda.com/cricket/gautam-gambhir-responds-rumours-snubbed-ms-dhoni-handshake,2015-12-29T07:00:01+0000
116151972998_10153790502707999,5 positive things for the Indian Test team in 2015,Nitin Fernandes,2579,http://www.sportskeeda.com/slideshow/cricket-5-positive-things-indian-test-team-2015,2015-12-29T06:14:29+0000
116151972998_10153790413367999,Top 10 ODI bowlers in 2015,Nitin Fernandes,1942,http://www.sportskeeda.com/slideshow/cricket-top-10-odi-bowlers-2015,2015-12-30T03:11:18+0000
116151972998_10153790734532999,5 greatest batting years in Test cricket history,Nitin Fernandes,2211,http://www.sportskeeda.com/slideshow/cricket-5-greatest-batting-years-tests,2016-01-01T06:36:25+0000
116151972998_10153790725547999,10 cricketers you wouldn't think are still active,Nitin Fernandes,2937,http://www.sportskeeda.com/slideshow/cricket-10-cricketers-you-wouldnt-think-still-active,2016-01-04T06:38:14+0000
116151972998_10153790709802999,Timeline Photos,Nitin Fernandes,3477,https://www.facebook.com/SportsKeeda/photos/a.296831972998.145170.116151972998/10153790709802999/?type=3,2015-12-30T02:37:37+0000
116151972998_10153790693552999,Joe Root equals a record Virender Sehwag had set in 2010,Nitin Fernandes,2926,http://www.sportskeeda.com/cricket/joe-root-equals-virender-sehwags-record-england-end-day-3-match-wining-position,2016-01-08T23:22:29+0000
116151972998_10153790617042999,Gautam Gambhir reacts to controversy surrounding MS Dhoni handshake,Nitin Fernandes,3998,http://www.sportskeeda.com/cricket/gautam-gambhir-responds-rumours-snubbed-ms-dhoni-handshake,2015-12-29T07:00:01+0000
116151972998_10153790502707999,5 positive things for the Indian Test team in 2015,Nitin Fernandes,2579,http://www.sportskeeda.com/slideshow/cricket-5-positive-things-indian-test-team-2015,2015-12-29T06:14:29+0000
116151972998_10153790413367999,Top 10 ODI bowlers in 2015,Nitin Fernandes,1942,http://www.sportskeeda.com/slideshow/cricket-top-10-odi-bowlers-2015,2015-12-30T03:11:18+0000
